Workbook

Sheet 综合单价
A1: No. | B1: Category | C1: Code | D1: Description | E1: Unit | F1: Amount | G1: Qty | H1: Rate | I1: Labourt | J1: Materials | K1: Plant | L1: Qty1 | M1: Qty2 | N1: Qty3 | O1: Qty4 | P1: Qty5 | Q1: Qty6 | R1: Qty7 | S1: Qty8 | T1: Qty9 | U1: Qty10 | V1: Qty11 | W1: Qty12 | X1: Qty13 | Y1: Qty14 | Z1: Qty15 | AA1: Qty16 | AB1: Qty17 | AC1: Qty18 | AD1: Qty19 | AE1: Qty20 | AF1: Qty21 | AG1: Qty22 | AH1: Qty23 | AI1: Qty24 | AJ1: Qty25 | AK1: Qty26 | AL1: Qty27 | AM1: Qty28 | AN1: Qty29 | AO1: Qty30 | AP1: Qty31 | AQ1: Qty32 | AR1: Qty33 | AS1: Qty34 | AT1: Qty35 | AU1: Qty36 | AV1: Qty37 | AW1: Qty38 | AX1: Qty39 | AY1: Qty40 | AZ1: Qty41 | BA1: Qty42 | BB1: Qty43 | BC1: Qty44 | BD1: Qty45 | BE1: Qty46 | BF1: Qty47 | BG1: Qty48 | BH1: Qty49 | BI1: Qty50 | BJ1: Qty51 | BK1: Qty52 | BL1: Qty53 | BM1: Qty54 | BN1: Qty55
A2: 序号 | B2: 分类指标 | C2: 定额编号 | D2: 项目名称 | E2: 单位 | F2: 合价 | G2: 工程量 | H2: 单价 | I2: 人工 | J2: 材料 | K2: 机械 | L2: 消耗量1 | M2: 消耗量2 | N2: 消耗量3 | O2: 消耗量4 | P2: 消耗量5 | Q2: 消耗量6 | R2: 消耗量7 | S2: 消耗量8 | T2: 消耗量9 | U2: 消耗量10 | V2: 消耗量11 | W2: 消耗量12 | X2: 消耗量13 | Y2: 消耗量14 | Z2: 消耗量15 | AA2: 消耗量16 | AB2: 消耗量17 | AC2: 消耗量18 | AD2: 消耗量19 | AE2: 消耗量20 | AF2: 消耗量21 | AG2: 消耗量22 | AH2: 消耗量23 | AI2: 消耗量24 | AJ2: 消耗量25 | AK2: 消耗量26 | AL2: 消耗量27 | AM2: 消耗量28 | AN2: 消耗量29 | AO2: 消耗量30 | AP2: 消耗量31 | AQ2: 消耗量32 | AR2: 消耗量33 | AS2: 消耗量34 | AT2: 消耗量35 | AU2: 消耗量36 | AV2: 消耗量37 | AW2: 消耗量38 | AX2: 消耗量39 | AY2: 消耗量40 | AZ2: 消耗量41 | BA2: 消耗量42 | BB2: 消耗量43 | BC2: 消耗量44 | BD2: 消耗量45 | BE2: 消耗量46 | BF2: 消耗量47 | BG2: 消耗量48 | BH2: 消耗量49 | BI2: 消耗量50 | BJ2: 消耗量51 | BK2: 消耗量52 | BL2: 消耗量53 | BM2: 消耗量54 | BN2: 消耗量55
C3: A.01 | D3: 【A.01 场地准备与土石方】
D4: 《A.01.02 基础土石方》
D5: {A.01.02.001 挖基坑土方} | L5: 普工 工日 | M5: 柴油 kg | N5: 推土机 综合 台班 | O5: 自卸汽车 15t 台班 | P5: 挖土机 综合 台班 | Q5: 履带式单斗挖掘机 0.3m3 台班
D6: 参考单价 -> | L6: ='人材机'!E7 | M6: ='人材机'!E11 | N6: ='人材机'!E25 | O6: ='人材机'!E17 | P6: ='人材机'!E24 | Q6: ='人材机'!E26
A7: 1 | B7: 挖基坑土方 | C7: A.01.02.001.BJ12.1-7 | D7: 机挖土方 运距1km以内 | E7: m3 | F7: =G7*H7 | G7: 23324.712 | H7: =I7+J7+K7 | I7: =SUMPRODUCT(L6:L6,L7:L7) | J7: =SUMPRODUCT(M6:M6,M7:M7) | K7: =SUMPRODUCT(N6:Q6,N7:Q7) | L7: 0.018 | M7: 0.4438 | N7: 0.003 | O7: 0.0028 | P7: 0.002
A8: 2 | B8: 挖基坑土方 | C8: A.01.02.001.BJ12.1-14 | D8: 挖桩间土 运距1km以内 | E8: m3 | F8: =G8*H8 | G8: 4929.015 | H8: =I8+J8+K8 | I8: =SUMPRODUCT(L6:L6,L8:L8) | J8: =SUMPRODUCT(M6:M6,M8:M8) | K8: =SUMPRODUCT(N6:Q6,N8:Q8) | L8: 0.067 | M8: 1.0828 | O8: 0.0028 | Q8: 0.0172
D10: {A.01.02.007 回填方} | L10: 普工 工日 | M10: 电动夯实机20~62kg/m 台班
D11: 参考单价 -> | L11: ='人材机'!E7 | M11: ='人材机'!E23
A12: 3 | B12: 回填方 | C12: A.01.02.007.BJ21.1-35 | D12: 回填土 夯填 | E12: m³ | F12: =G12*H12 | G12: 4929.0591 | H12: =I12+J12+K12 | I12: =SUMPRODUCT(L11:L11,L12:L12) | K12: =SUMPRODUCT(M11:M11,M12:M12) | L12: 0.175 | M12: 0.083
D15: 《A.01.03 平整场地及清表》
D16: {A.01.03.001 平整场地及清表} | L16: 普工 工日 | M16: 轮胎式装载机 3m3 台班
D17: 参考单价 -> | L17: ='人材机'!E7 | M17: ='人材机'!E27
A18: 4 | B18: 平整场地及清表 | C18: A.01.03.001.BJ21.1-2 | D18: 平整场地 机械 | E18: m² | F18: =G18*H18 | G18: 8146 | H18: =I18+J18+K18 | I18: =SUMPRODUCT(L17:L17,L18:L18) | K18: =SUMPRODUCT(M17:M17,M18:M18) | L18: 0.002 | M18: 0.0007
D20: {A.01.03.002 余方弃置} | L20: 普工 工日 | M20: 柴油 kg | N20: 推土机 综合 台班 | O20: 自卸汽车 15t 台班 | P20: 挖土机 综合 台班
D21: 参考单价 -> | L21: ='人材机'!E7 | M21: ='人材机'!E11 | N21: ='人材机'!E25 | O21: ='人材机'!E17 | P21: ='人材机'!E24
A22: 5 | B22: 余方弃置 | C22: A.01.03.002.BJ12.1-45 | D22: 渣土外运 运距15km以内 | E22: m3 | F22: =G22*H22 | G22: 18395.653 | H22: =I22+J22+K22 | I22: =SUMPRODUCT(L21:L21,L22:L22) | J22: =SUMPRODUCT(M21:M21,M22:M22) | K22: =SUMPRODUCT(N21:P21,N22:P22) | L22: 0.09 | M22: 1.5374 | N22: 0.0021 | O22: 0.0182 | P22: 0.0065
C26: A.03 | D26: 【A.03 桩基工程】
D27: 《A.03.01 预制桩》
D28: {A.03.01.005 截(凿)桩头} | L28: 普工 工日 | M28: 电 kW·h | N28: 空压机 1m3/min 台班 | O28: 风镐 台班
D29: 参考单价 -> | L29: ='人材机'!E7 | M29: ='人材机'!E13 | N29: ='人材机'!E22 | O29: ='人材机'!E20
A30: 6 | B30: 截(凿)桩头 | C30: A.03.01.005.BJ12.3-16 | D30: 凿桩头 有筋 | E30: 根 | F30: =G30*H30 | G30: 1078 | H30: =I30+J30+K30 | I30: =SUMPRODUCT(L29:L29,L30:L30) | J30: =SUMPRODUCT(M29:M29,M30:M30) | K30: =SUMPRODUCT(N29:O29,N30:O30) | L30: 0.214 | M30: 12.936 | N30: 0.6468 | O30: 0.6468

Sheet 人材机
A1: 人材机汇总表
F2: 币种： | G2: 泰铢
A3: 编号 | B3: 名称 | C3: 单位 | D3: 数量 | E3: 除税单价 | F3: 合价 | G3: 价格来源
B4: 【人工】
B5: 《普通工人》
B6: {杂工/普工}
A7: 1 | B7: 普工 | C7: 工日 | D7: 3515.267 | E7: 693 | F7: =D7*E7 | G7: A册_建筑装饰 基价
B8: 【周转材】
B9: 《施工临建及措施材料》
B10: {施工用油}
A11: 2 | B11: 柴油 | C11: kg | D11: 43970.122 | E11: 34.7619 | F11: =D11*E11 | G11: A册_建筑装饰 基价
B12: {施工用电}
A13: 3 | B13: 电 | C13: kW·h | D13: 13945.008 | E13: 3.9 | F13: =D13*E13 | G13: A册_建筑装饰 基价
B14: 【机械】
B15: 《水平运输机械》
B16: {自卸汽车}
A17: 4 | B17: 自卸汽车 15t | C17: 台班 | D17: 413.9113 | E17: 4759.6154 | F17: =D17*E17 | G17: A册_建筑装饰 基价
B18: 《其他中小型机械》
B19: {空压机及凿岩}
A20: 5 | B20: 风镐 | C20: 台班 | D20: 697.2504 | E20: 86.47 | F20: =D20*E20 | G20: A册_建筑装饰 基价
B21: {切割钻孔}
A22: 6 | B22: 空压机 1m3/min | C22: 台班 | D22: 697.2504 | E22: 120.0575 | F22: =D22*E22 | G22: A册_建筑装饰 基价
A23: 7 | B23: 电动夯实机20~62kg/m | C23: 台班 | D23: 409.1119 | E23: 278.5135 | F23: =D23*E23 | G23: A册_建筑装饰 基价
A24: 8 | B24: 挖土机 综合 | C24: 台班 | D24: 166.2212 | E24: 4615.3846 | F24: =D24*E24 | G24: A册_建筑装饰 基价
A25: 9 | B25: 推土机 综合 | C25: 台班 | D25: 108.605 | E25: 5769.2308 | F25: =D25*E25 | G25: A册_建筑装饰 基价
A26: 10 | B26: 履带式单斗挖掘机 0.3m3 | C26: 台班 | D26: 84.7791 | E26: 2734.8817 | F26: =D26*E26 | G26: A册_建筑装饰 基价
A27: 11 | B27: 轮胎式装载机 3m3 | C27: 台班 | D27: 5.7022 | E27: 9580.867 | F27: =D27*E27 | G27: A册_建筑装饰 基价
